 [
    {
        "id" : 1,
        "team1" : "FC Barcelona",
        "img1" : "https://assets.stickpng.com/images/584a9b3bb080d7616d298777.png",
        "goals1" : 3,
        "team2" : "Real Mardrid",
        "img2": "https://assets.stickpng.com/images/584a9b47b080d7616d298778.png",
        "goals2": "2"

    },
    {
        "id" : 2,
        "team1" : "MAN United",
        "img1" : "https://upload.wikimedia.org/wikipedia/hif/f/ff/Manchester_United_FC_crest.png",
        "goals1" : 4,
        "team2" : "MAN City",
        "img2": "https://w1.pngwing.com/pngs/203/356/png-transparent-premier-league-logo-manchester-manchester-city-fc-organization-line-area-circle-symbol.png",
        "goals2": 5

    },
    {
        "id" : 3,
        "team1" : "Chelsea",
        "img1" : "https://assets.stickpng.com/images/580b57fcd9996e24bc43c4e1.png",
        "goals1" : 1,
        "team2" : "LiverPool FC",
        "img2": "https://upload.wikimedia.org/wikipedia/hif/b/bd/Liverpool_FC.png",
        "goals2": 0

    }

]